strategy	regret
uniform	713.970910
just-0	0.000000
just-1	1050.760808
just-2	1091.151923
actual	22.469888
